Workbook

Sheet To-do
B2: To-do | H2: Done (✅) | J2: Page
B3: สามารถอธิบายหลักการของสัญญาณ 3-Phase สำหรับการขับเคลื่อนมอเตอร์ได้ | H3: ✅ | J3: เอกสารและงานวิจัยที่เกี่ยวข้อง
B5: สามารถอธิบายหลักการและความแตกต่างระหว่างการใช้ Hall Effect Sensor และ Back EMF Sening ได้ | H5: ✅ | J5: เอกสารและงานวิจัยที่เกี่ยวข้อง
B7: สามารถอธิบายหลักการของการขับเคลื่อนแบบ 6-Step และการควบคุมแบบ FOC ได้ | H7: ✅ | J7: เอกสารและงานวิจัยที่เกี่ยวข้อง
B9: สามารถเปรียบเทียบข้อดี-ข้อเสียของ 6-Step กับ FOC ได้อย่างชัดเจน | H9: ✅ | J9: เอกสารและงานวิจัยที่เกี่ยวข้อง
B11: สามารถแสดงให้เห็นถึงการทำงานจริงของมอเตอร์แบบ 6-Step โดยใช้ Back EMF Sensing ได้ | H11: ✅ | J11: ผลการทดลอง
B13: สามารถวิเคราะห์และอธิบายลักษณะของสัญญาณ BEMF แบบ Trapezoidal ได้ | H13: ✅ | J13: อภิปรายผล & สรุปผลการทดลอง
B15: สามารถอธิบายและแสดงการเกิด Phase Shift ระหว่างสัญญาณแต่ละ Phase ของ BEMF ได้ | H15: ✅ | J15: สรุปผลการทดลอง
B17: สามารถระบุและอธิบายการเรียงลำดับ Phase ตามทิศทางการหมุนของมอเตอร์ได้ | H17: ✅ | J17: สรุปผลการทดลอง
B19: สามารถคำนวณความเร็วของมอเตอร์จากความถี่ของสัญญาณ BEMF ที่อ่านได้ ได้อย่างถูกต้อง | H19: ✅ | J19: อภิปรายผล
B21: สามารถอธิบายความสัมพันธ์ระหว่างความถี่ของสัญญาณและความเร็วของมอเตอร์ได้ | H21: ✅ | J21: เอกสารและงานวิจัยที่เกี่ยวข้อง
B23: สามารถวิเคราะห์สาเหตุที่ทำให้เกิดผลการทดลองที่ไม่เหมือนกับ Ideal Case ทางทฤษฎีได้ | H23: ✅ | J23: อภิปรายผล
B25: สามารถแสดงให้เห็นถึงการทำซ้ำ และความสมเหตุสมผลของการทดลอง
B27: ความเหมาะสมของการตั้งจุดประสงค์ สมมติฐาน ตัวแปร และเอกสารและงานวิจัยที่เกี่ยวข้อง
B29: สามารถอธิบายขั้นตอนการดำเนินงานได้อย่างครบถ้วน
B31: สามารถแสดงผลการทดลอง สรุปผลการทดลอง และอภิปรายผล ได้อย่างสมเหตุสมผลและครบถ้วน
B33: ความเหมาะสมของข้อเสนอแนะและเอกสารอ้างอิง
B35: สามารถอธิบายโปรแกรมหรือวงจรควบคุมที่ใช้ในแต่ละ Mode ได้อย่างครบถ้วน เข้าใจถึงแนวคิดและหลักการทำงาน

Sheet Info
A1: Define
A2: A2212 Motor 13T | C2: Unit
A3: CW | B3: + | C3: rpm
A4: CCW | B4: - | C4: rpm
A5: Pole Pairs | B5: 7
A6: Rs | B6: 0.1 | C6: Ω
A7: Ls | B7: 0.02 | C7: mH
A8: B-Emf constant | B8: 0.822 | C8: Vrms/kRPM
A9: Inertia | B9: 0.55 | C9: µNms²
A10: Friction | B10: 0.49 | C10: µNms
A11: Max Speed | B11: 9864 | C11: rpm

Sheet Analysis
A1: Reference Speed (RPM) | B1: A | F1: B | J1: C
B2: ΔX (ms) | C2: 1/ΔX (Hz) | D2: RMS (V) | E2: Mean (V) | F2: ΔX (ms) | G2: 1/ΔX (Hz) | H2: RMS (V) | I2: Mean (V) | J2: ΔX (ms) | K2: 1/ΔX (Hz) | L2: RMS (V) | M2: Mean (V)
A3: 9864 | B3: 0.88 | C3: =1/B3*1000 -> 1136.3636 | D3: 7.01 | E3: 4.683 | F3: 0.88 | G3: =1/F3*1000 -> 1136.3636 | H3: 7.485 | I3: 4.212 | J3: 0.88 | K3: =1/J3*1000 -> 1136.3636 | L3: 7.511 | M3: 4.695
A4: 7398 | B4: 1.16 | C4: =1/B4*1000 -> 862.06897 | D4: 6.069 | E4: 3.553 | F4: 1.16 | G4: =1/F4*1000 -> 862.06897 | H4: 6.71 | I4: 3.155 | J4: 1.16 | K4: =1/J4*1000 -> 862.06897 | L4: 6.713 | M4: 3.604
A5: 4932 | B5: 1.74 | C5: =1/B5*1000 -> 574.71264 | D5: 4.943 | E5: 2.481 | F5: 1.74 | G5: =1/F5*1000 -> 574.71264 | H5: 5.557 | I5: 1.946 | J5: 1.74 | K5: =1/J5*1000 -> 574.71264 | L5: 5.609 | M5: 2.453
A6: 2466 | B6: 3.5 | C6: =1/B6*1000 -> 285.71429 | D6: 3.495 | E6: 1.344 | F6: 3.5 | G6: =1/F6*1000 -> 285.71429 | H6: 4.079 | I6: 0.8655 | J6: 3.5 | K6: =1/J6*1000 -> 285.71429 | L6: 4.168 | M6: 1.306
A7: -2466 | B7: 3.5 | C7: =1/B7*1000 -> 285.71429 | D7: 3.479 | E7: 1.3 | F7: 3.5 | G7: =1/F7*1000 -> 285.71429 | H7: 4.07 | I7: 0.8322 | J7: 3.5 | K7: =1/J7*1000 -> 285.71429 | L7: 4.141 | M7: 1.29
A8: -4932 | B8: 1.76 | C8: =1/B8*1000 -> 568.18182 | D8: 4.934 | E8: 2.457 | F8: 1.76 | G8: =1/F8*1000 -> 568.18182 | H8: 5.573 | I8: 1.966 | J8: 1.76 | K8: =1/J8*1000 -> 568.18182 | L8: 5.515 | M8: 2.465
A9: -7398 | B9: 1.16 | C9: =1/B9*1000 -> 862.06897 | D9: 6.082 | E9: 3.58 | F9: 1.16 | G9: =1/F9*1000 -> 862.06897 | H9: 6.692 | I9: 3.186 | J9: 1.16 | K9: =1/J9*1000 -> 862.06897 | L9: 6.704 | M9: 3.586
A10: -9864 | B10: 0.88 | C10: =1/B10*1000 -> 1136.3636 | D10: 7.07 | E10: 4.678 | F10: 0.88 | G10: =1/F10*1000 -> 1136.3636 | H10: 7.43 | I10: 4.239 | J10: 0.88 | K10: =1/J10*1000 -> 1136.3636 | L10: 7.54 | M10: 4.703
G12: Calculation | J12: Error
G13: Speed (RPM) | J13: Speed (RPM)
G14: A | H14: B | I14: C | J14: A | K14: B | L14: C
G15: =(C3*60)/Info!$B$5 -> 9740.2597 | H15: =(G3*60)/Info!$B$5 -> 9740.2597 | I15: =(K3*60)/Info!$B$5 -> 9740.2597 | J15: =ABS(A3)-ABS(G15) -> 123.74026 | K15: =ABS(A3)-ABS(H15) -> 123.74026 | L15: =ABS(A3)-ABS(I15) -> 123.74026
G16: =(C4*60)/Info!$B$5 -> 7389.1626 | H16: =(G4*60)/Info!$B$5 -> 7389.1626 | I16: =(K4*60)/Info!$B$5 -> 7389.1626 | J16: =ABS(A4)-ABS(G16) -> 8.8374384 | K16: =ABS(A4)-ABS(H16) -> 8.8374384 | L16: =ABS(A4)-ABS(I16) -> 8.8374384
G17: =(C5*60)/Info!$B$5 -> 4926.1084 | H17: =(G5*60)/Info!$B$5 -> 4926.1084 | I17: =(K5*60)/Info!$B$5 -> 4926.1084 | J17: =ABS(A5)-ABS(G17) -> 5.8916256 | K17: =ABS(A5)-ABS(H17) -> 5.8916256 | L17: =ABS(A5)-ABS(I17) -> 5.8916256
G18: =(C6*60)/Info!$B$5 -> 2448.9796 | H18: =(G6*60)/Info!$B$5 -> 2448.9796 | I18: =(K6*60)/Info!$B$5 -> 2448.9796 | J18: =ABS(A6)-ABS(G18) -> 17.020408 | K18: =ABS(A6)-ABS(H18) -> 17.020408 | L18: =ABS(A6)-ABS(I18) -> 17.020408
G19: =(C7*60)/Info!$B$5 -> 2448.9796 | H19: =(G7*60)/Info!$B$5 -> 2448.9796 | I19: =(K7*60)/Info!$B$5 -> 2448.9796 | J19: =ABS(A7)-ABS(G19) -> 17.020408 | K19: =ABS(A7)-ABS(H19) -> 17.020408 | L19: =ABS(A7)-ABS(I19) -> 17.020408
G20: =(C8*60)/Info!$B$5 -> 4870.1299 | H20: =(G8*60)/Info!$B$5 -> 4870.1299 | I20: =(K8*60)/Info!$B$5 -> 4870.1299 | J20: =ABS(A8)-ABS(G20) -> 61.87013 | K20: =ABS(A8)-ABS(H20) -> 61.87013 | L20: =ABS(A8)-ABS(I20) -> 61.87013
G21: =(C9*60)/Info!$B$5 -> 7389.1626 | H21: =(G9*60)/Info!$B$5 -> 7389.1626 | I21: =(K9*60)/Info!$B$5 -> 7389.1626 | J21: =ABS(A9)-ABS(G21) -> 8.8374384 | K21: =ABS(A9)-ABS(H21) -> 8.8374384 | L21: =ABS(A9)-ABS(I21) -> 8.8374384
G22: =(C10*60)/Info!$B$5 -> 9740.2597 | H22: =(G10*60)/Info!$B$5 -> 9740.2597 | I22: =(K10*60)/Info!$B$5 -> 9740.2597 | J22: =ABS(A10)-ABS(G22) -> 123.74026 | K22: =ABS(A10)-ABS(H22) -> 123.74026 | L22: =ABS(A10)-ABS(I22) -> 123.74026
